chimera,chim.id,env,fts,emo,emo.fts,subj.01,subj.02,subj.03,subj.04,subj.05,subj.06,subj.07,subj.08,subj.09,subj.10,subj.11,subj.12,subj.13,subj.14,subj.15,subj.16,subj.17,subj.18,subj.19,subj.20,subj.21,subj.22,subj.23,subj.24,subj.25,subj.26,subj.27,subj.28,subj.29,subj.30,subj.31,subj.32,subj.33,subj.34,subj.35,subj.36,subj.37,subj.38,subj.39,subj.40,subj.41,subj.42,subj.43,subj.44,subj.45,subj.46,subj.47,subj.48,subj.49,subj.50,subj.51,subj.52,subj.53,subj.54,subj.55,subj.56,subj.57,subj.58,subj.59,subj.60,subj.61,subj.62,subj.63,subj.64
01S,1,0,0,s,s,s,s,h,h,s,h,h,h,h,s,h,s,s,s,s,h,s,s,s,s,s,s,s,s,s,s,s,s,s,s,s,h,s,s,h,s,s,h,h,s,h,h,s,s,s,s,s,s,s,s,s,h,s,s,h,s,s,s,s,h,s,h,s,h
01Senv03Hftsnb2,1,3,2,s,h,h,h,h,h,s,h,h,s,s,h,h,s,h,h,s,h,s,h,h,h,h,h,s,h,s,h,s,h,h,h,s,h,h,s,h,h,h,h,s,h,h,h,h,h,h,h,h,h,h,h,h,h,h,h,h,h,h,s,h,h,s,h,h,h
01Senv03Hftsnb4,1,3,4,s,h,h,h,s,h,h,h,h,h,h,h,h,h,h,h,s,h,h,s,h,h,h,h,s,h,h,h,h,h,h,h,h,h,h,s,h,h,h,h,h,h,h,h,h,h,h,h,h,h,h,h,h,h,h,h,h,h,h,h,h,h,h,h,h,h
01Senv03Hftsnb8,1,3,8,s,h,h,h,s,h,s,h,h,h,s,h,h,h,s,h,h,h,h,s,h,h,h,h,s,h,h,h,h,s,s,h,h,h,h,h,h,h,h,h,h,h,h,h,h,h,h,h,h,h,h,h,h,h,h,h,h,h,h,h,s,h,h,h,h,h
01Senv03Hftsnb16,1,3,16,s,h,h,s,s,h,s,h,h,s,h,h,h,h,h,h,s,h,h,s,h,h,h,h,s,h,h,h,h,h,h,h,h,h,h,s,h,h,h,h,h,h,h,h,h,h,h,h,h,h,h,h,h,h,h,h,h,h,h,h,h,h,h,h,h,h
01Senv03Hftsnb32,1,3,32,s,h,h,h,s,h,s,h,h,s,s,s,h,h,s,h,s,h,h,s,h,h,h,h,s,h,h,h,h,h,s,h,h,h,s,s,s,h,h,h,h,s,h,h,h,h,h,h,h,s,h,h,h,h,h,s,h,h,s,h,s,h,h,h,h,h
01Senv03Hftsnb64,1,3,64,s,h,s,s,s,s,s,s,h,s,s,s,s,s,s,h,s,s,s,s,s,s,s,h,s,s,s,s,s,s,s,s,s,s,s,s,s,s,s,s,h,s,h,s,h,s,s,s,h,h,s,s,s,s,s,s,s,s,s,s,s,s,s,s,s,h
02S,2,0,0,s,s,s,s,h,s,s,s,h,h,s,h,s,s,s,s,s,h,s,s,s,s,s,s,s,s,s,s,s,s,s,s,s,s,s,s,s,s,s,s,s,h,h,s,h,h,s,s,s,s,s,s,s,s,s,s,s,s,s,s,h,s,s,s,s,s
02Senv11Hftsnb2,2,11,2,s,h,h,s,h,h,s,s,h,s,s,h,h,h,h,h,s,h,s,s,h,h,h,h,s,h,h,h,s,h,h,h,h,h,h,s,h,h,h,h,s,h,h,s,h,h,h,h,h,h,h,h,h,h,h,h,h,h,h,s,h,h,s,h,h,h
02Senv11Hftsnb4,2,11,4,s,h,h,h,s,h,h,h,h,h,h,h,h,s,s,h,s,h,h,h,h,s,h,h,s,s,h,h,h,h,s,s,s,h,h,s,h,h,h,h,h,h,h,h,s,h,h,h,h,h,h,h,h,s,h,h,h,h,s,h,h,h,s,h,h,h
02Senv11Hftsnb8,2,11,8,s,h,h,h,s,h,h,s,h,h,h,h,h,s,s,s,s,h,h,s,h,s,h,h,s,h,s,h,h,h,s,h,h,h,h,h,h,h,h,s,h,h,h,h,h,h,h,h,h,h,h,h,h,s,h,h,h,h,h,h,s,h,s,h,h,h
02Senv11Hftsnb16,2,11,16,s,h,h,h,s,s,s,s,h,s,s,h,h,s,s,h,s,h,h,s,h,h,h,h,s,h,s,s,s,h,h,h,s,h,s,s,s,h,s,h,h,s,h,h,h,h,h,h,h,s,h,h,h,s,h,h,h,h,s,h,h,h,s,s,h,h
02Senv11Hftsnb32,2,11,32,s,h,s,h,s,h,s,s,h,h,s,s,s,s,s,s,s,h,h,s,h,s,s,s,s,s,h,s,s,s,s,s,s,s,s,s,s,h,s,s,h,h,h,h,s,h,h,h,h,h,s,h,h,s,h,h,s,h,s,h,s,h,s,h,h,h
02Senv11Hftsnb64,2,11,64,s,h,s,s,s,s,s,s,h,s,s,s,s,s,h,s,s,s,s,s,s,s,s,h,s,h,s,s,s,s,s,h,s,s,s,s,s,s,s,s,s,s,h,h,h,s,s,s,h,h,s,s,s,s,h,s,h,s,s,s,h,s,s,s,s,s
03H,3,0,0,h,h,h,h,s,h,s,h,h,h,h,h,h,h,h,s,s,h,h,h,h,h,h,h,h,h,h,h,h,h,h,h,h,h,h,h,h,h,h,h,h,h,h,h,h,h,h,h,h,h,h,h,h,h,h,h,h,h,h,s,h,h,h,h,h,h
03Henv01Sftsnb2,3,1,2,h,s,s,s,s,h,s,h,h,s,s,s,h,s,s,s,s,h,s,s,s,s,s,s,s,s,s,s,s,s,s,h,s,h,s,s,s,s,s,s,h,h,h,h,h,s,h,h,s,s,h,h,s,s,h,s,h,s,s,s,s,h,s,s,s,h
03Henv01Sftsnb4,3,1,4,h,s,h,s,h,h,s,h,s,h,s,s,h,h,h,h,s,h,h,s,h,s,h,s,s,s,h,h,h,s,s,h,h,h,s,h,s,s,s,h,h,h,s,h,h,h,h,h,h,h,h,h,h,s,h,h,h,h,s,h,h,h,s,h,h,h
03Henv01Sftsnb8,3,1,8,h,s,s,h,h,s,s,h,s,h,s,s,h,s,s,s,s,s,h,s,s,s,h,s,s,h,s,h,h,s,s,h,h,s,s,h,s,h,h,h,h,h,h,h,h,h,h,h,h,s,h,h,h,h,h,h,h,h,h,s,s,h,s,h,s,h
03Henv01Sftsnb16,3,1,16,h,s,h,h,h,h,s,h,h,s,s,h,h,h,s,h,s,h,h,h,h,h,h,h,s,h,h,h,s,s,h,h,s,h,h,s,h,h,h,h,h,h,h,h,h,h,h,h,h,h,h,h,h,h,h,h,h,h,h,h,s,h,h,s,h,h
03Henv01Sftsnb32,3,1,32,h,s,h,s,h,h,s,h,h,s,h,h,h,h,h,h,s,h,h,h,h,h,h,h,s,h,h,h,s,h,h,h,h,h,h,s,h,h,h,h,h,s,h,h,h,h,h,h,h,h,h,h,h,h,h,h,h,h,h,h,h,h,h,h,h,h
03Henv01Sftsnb64,3,1,64,h,s,h,h,h,h,h,h,h,h,h,h,h,h,h,h,s,h,h,h,h,h,h,h,h,h,h,h,h,h,h,h,h,h,h,s,h,h,h,h,h,h,h,h,h,h,h,h,h,h,h,h,h,h,h,h,h,h,h,h,h,h,h,h,h,h
04S,4,0,0,s,s,h,h,h,s,s,h,h,h,h,h,s,h,h,h,s,s,s,s,s,s,h,s,s,s,s,s,s,h,s,h,h,s,s,s,s,s,s,h,h,s,h,h,h,h,s,h,h,s,s,h,h,s,s,s,h,h,h,h,s,h,s,h,s,h
04Senv26Hftsnb2,4,26,2,s,h,h,s,h,h,s,h,h,s,s,h,h,h,s,h,s,h,s,h,h,h,h,h,s,h,h,h,h,h,h,h,h,h,h,s,h,h,h,h,h,h,h,h,h,h,h,h,h,h,h,h,h,h,h,h,h,h,s,h,h,h,h,h,h,h
04Senv26Hftsnb4,4,26,4,s,h,h,h,h,h,h,h,h,h,h,h,h,h,h,h,h,h,h,h,h,h,h,h,s,h,h,h,h,s,h,h,h,h,h,s,h,h,h,h,h,h,h,h,h,h,h,h,h,h,h,h,h,h,h,h,h,h,s,h,h,h,h,h,h,h
04Senv26Hftsnb8,4,26,8,s,h,h,h,h,h,h,h,h,s,s,h,h,h,h,h,h,h,h,h,h,h,h,h,s,h,h,h,h,h,h,h,h,h,h,h,h,h,h,h,h,h,h,h,h,h,h,h,h,h,h,s,h,h,h,h,h,h,s,h,s,h,h,h,s,h
04Senv26Hftsnb16,4,26,16,s,h,h,h,h,h,s,s,h,h,s,h,h,h,s,h,h,h,h,s,h,h,h,h,s,h,s,h,h,s,h,h,h,s,h,s,h,h,h,h,h,h,h,h,h,s,h,h,h,h,h,h,h,h,h,h,h,s,s,h,s,h,h,h,s,h
04Senv26Hftsnb32,4,26,32,s,h,h,s,h,h,s,s,h,s,s,h,h,h,s,s,s,s,h,s,s,h,h,s,s,h,h,h,h,s,h,s,h,s,h,s,h,h,h,h,h,h,h,h,h,h,h,h,h,h,h,h,h,h,h,h,h,s,h,h,s,h,h,h,h,h
04Senv26Hftsnb64,4,26,64,s,h,s,s,s,h,s,s,s,s,s,h,s,s,s,s,s,s,s,s,s,s,s,s,s,s,s,s,s,s,s,s,s,s,s,s,s,s,s,s,s,s,h,h,s,s,s,h,h,s,s,s,s,s,s,s,s,s,s,s,s,h,s,s,s,s
05S,5,0,0,s,s,h,s,s,s,s,s,s,s,s,s,s,h,s,h,s,s,s,s,s,s,s,s,s,s,s,s,s,s,s,s,s,s,s,s,s,s,s,s,h,s,s,s,s,s,s,s,s,s,s,s,s,s,s,s,s,s,s,s,s,s,s,s,s,s
05Senv17Hftsnb2,5,17,2,s,h,h,h,h,h,s,h,h,h,s,h,h,h,h,h,s,h,h,h,h,s,h,h,s,h,h,h,s,h,h,h,h,h,h,h,h,h,h,h,h,h,h,h,h,h,h,h,h,h,h,h,h,h,h,h,h,h,h,h,h,h,h,h,h,h
05Senv17Hftsnb4,5,17,4,s,h,h,h,h,h,s,h,h,h,h,s,h,h,h,h,h,h,h,h,h,h,h,h,s,h,h,h,h,h,s,h,h,h,h,h,h,h,h,h,h,h,h,h,h,h,h,h,h,h,h,h,h,h,h,h,h,h,h,h,h,h,h,h,s,h
05Senv17Hftsnb8,5,17,8,s,h,h,h,h,h,s,h,h,s,h,h,h,h,h,h,h,h,h,h,h,s,h,h,s,h,h,h,h,s,h,h,h,h,h,h,h,h,h,h,h,s,h,h,h,h,h,h,h,h,h,h,h,h,h,h,h,h,h,h,h,h,h,h,h,h
05Senv17Hftsnb16,5,17,16,s,h,h,h,h,h,s,h,h,s,h,s,h,h,h,h,h,h,h,s,h,s,h,h,s,h,s,h,h,h,h,h,h,s,h,h,h,h,h,h,h,h,h,h,s,h,h,h,h,h,h,h,h,h,h,h,h,h,h,h,s,h,h,h,s,h
05Senv17Hftsnb32,5,17,32,s,h,h,h,s,s,s,h,h,s,h,s,s,h,s,h,s,h,h,s,s,s,h,h,s,s,s,s,s,h,s,h,h,s,s,h,h,h,s,h,h,s,h,h,s,h,s,h,h,s,h,h,h,h,h,h,h,h,s,h,s,h,s,h,s,h
05Senv17Hftsnb64,5,17,64,s,h,s,s,s,h,s,h,s,s,s,s,h,s,h,s,s,s,s,s,s,s,s,s,s,s,s,s,s,s,s,h,s,s,s,s,s,s,s,s,s,s,s,s,s,s,s,s,h,s,h,s,s,s,s,s,h,h,h,s,s,h,s,s,s,s
06H,6,0,0,h,h,h,h,h,h,h,h,h,h,h,h,h,h,s,s,h,h,h,h,h,h,h,h,h,h,h,h,h,h,h,h,h,h,h,h,h,h,h,h,h,h,h,h,h,h,h,h,h,h,h,h,h,h,h,h,h,h,h,h,h,h,h,h,h,h
06Henv23Sftsnb2,6,23,2,h,s,h,s,s,s,h,h,s,s,s,h,s,h,s,h,s,s,s,s,h,s,s,s,s,s,s,s,s,s,s,s,s,s,s,h,s,s,s,s,s,h,s,s,h,s,h,s,h,s,s,s,s,s,s,s,s,s,s,s,s,s,h,s,s,s
06Henv23Sftsnb4,6,23,4,h,s,s,s,s,s,s,s,s,h,s,s,s,h,h,s,s,s,s,s,s,s,s,s,s,h,s,s,s,s,h,s,s,s,s,h,s,s,h,s,s,s,s,s,s,h,h,s,h,s,s,s,s,s,s,h,s,s,s,s,h,h,h,s,s,s
06Henv23Sftsnb8,6,23,8,h,s,s,s,s,s,s,h,s,s,s,s,s,h,s,h,s,s,s,h,s,s,s,s,s,h,s,s,s,s,h,s,s,s,s,h,s,h,h,s,s,h,s,s,h,h,s,s,h,h,s,s,s,s,s,s,s,s,h,s,s,s,h,s,h,s
06Henv23Sftsnb16,6,23,16,h,s,s,s,s,s,s,s,s,h,h,s,s,h,s,h,s,h,h,h,s,s,h,s,s,s,s,s,s,s,h,s,s,s,s,h,s,h,h,s,s,h,s,s,s,h,h,s,h,s,s,h,s,h,h,s,h,s,h,h,s,s,h,s,s,h
06Henv23Sftsnb32,6,23,32,h,s,s,s,s,s,s,s,h,s,s,h,s,h,h,h,s,h,s,h,s,h,s,h,s,s,s,h,s,s,h,s,s,s,h,s,s,h,h,s,s,h,h,h,h,h,h,s,h,h,s,h,h,h,h,h,h,h,h,h,s,h,h,h,s,h
06Henv23Sftsnb64,6,23,64,h,s,s,s,s,s,s,h,h,h,s,h,s,h,h,s,s,h,s,h,s,h,h,s,s,s,s,s,s,s,h,h,h,h,h,s,s,h,h,h,s,h,h,h,h,h,s,s,h,h,s,h,h,h,h,h,h,h,h,h,h,s,h,h,h,s
07H,7,0,0,h,h,h,h,h,h,h,h,h,h,h,h,h,h,h,h,h,h,h,h,h,h,h,h,h,h,h,h,h,h,h,h,h,h,h,h,h,h,h,h,h,h,h,h,h,h,h,h,h,h,h,h,h,h,h,h,h,h,h,h,h,h,h,h,h,h
07Henv30Sftsnb2,7,30,2,h,s,h,h,s,h,h,s,s,s,s,s,s,s,s,s,s,s,s,s,h,s,s,s,s,s,s,s,s,s,s,h,s,s,s,s,s,s,h,s,h,s,s,s,s,s,h,s,s,s,h,s,s,s,h,s,s,s,s,s,s,s,s,s,s,s
07Henv30Sftsnb4,7,30,4,h,s,s,h,s,s,s,h,s,h,s,s,s,s,s,s,s,s,s,s,s,s,s,s,s,s,s,s,s,s,h,s,h,s,s,s,s,s,s,s,s,s,s,h,s,s,s,s,h,s,s,s,s,s,s,s,s,s,s,s,h,s,s,s,s,s
07Henv30Sftsnb8,7,30,8,h,s,s,h,s,h,s,h,s,h,h,s,h,s,h,s,s,s,s,s,s,s,s,s,s,s,s,s,s,s,h,s,s,s,s,s,s,h,h,s,s,h,s,s,s,s,h,s,h,h,s,s,s,s,h,h,s,s,s,h,h,h,h,s,s,s
07Henv30Sftsnb16,7,30,16,h,s,s,h,s,h,h,h,s,h,h,h,s,s,h,h,s,s,s,s,s,h,s,s,s,s,s,h,h,s,h,h,s,h,s,s,s,h,h,s,s,s,s,h,s,s,h,s,h,h,h,h,s,s,h,h,s,h,s,s,h,h,h,s,s,s
07Henv30Sftsnb32,7,30,32,h,s,h,h,h,h,s,h,h,h,h,h,h,h,h,s,h,h,h,h,h,h,h,h,h,s,h,h,h,h,h,h,h,h,h,s,h,h,h,h,h,h,h,h,h,h,h,h,h,h,h,h,h,h,h,h,h,h,h,h,h,h,h,h,h,h
07Henv30Sftsnb64,7,30,64,h,s,h,h,h,h,s,h,h,h,s,h,h,s,h,h,h,h,h,h,h,h,h,h,h,s,h,h,h,h,h,h,h,h,h,s,h,h,h,s,h,h,h,h,h,h,s,h,h,h,h,h,h,h,h,h,h,h,h,h,h,h,h,h,h,h
08S,8,0,0,s,s,s,h,s,s,h,s,s,s,s,s,s,s,h,h,s,s,s,s,s,s,s,s,s,s,s,s,s,s,s,s,s,s,s,h,s,s,s,s,s,s,s,h,s,s,s,s,s,s,s,s,s,s,s,s,h,s,s,s,s,s,s,s,s,s
08Senv15Hftsnb2,8,15,2,s,h,s,h,h,h,s,h,h,s,s,h,h,s,s,s,s,s,s,s,h,h,s,s,s,h,h,s,h,s,s,h,s,h,s,s,s,s,h,h,s,s,h,h,s,s,h,h,h,h,h,h,h,h,s,h,h,s,s,s,s,h,s,h,h,h
08Senv15Hftsnb4,8,15,4,s,h,s,h,s,s,s,h,h,s,s,s,s,s,s,s,s,h,s,s,s,h,s,s,s,h,h,h,s,s,s,h,s,s,s,s,s,s,h,h,s,h,h,h,s,s,s,h,h,s,h,h,h,s,s,h,h,s,s,h,s,s,s,h,s,h
08Senv15Hftsnb8,8,15,8,s,h,s,h,s,h,s,h,h,s,s,s,h,s,s,s,s,s,h,h,h,h,h,s,s,s,h,h,h,s,h,s,s,s,s,h,h,h,s,h,h,h,h,h,s,h,h,h,h,s,h,h,h,s,s,h,h,h,h,h,h,h,s,h,h,h
08Senv15Hftsnb16,8,15,16,s,h,s,h,h,s,s,h,h,h,h,s,s,s,s,s,s,s,s,s,s,h,s,s,s,h,s,h,h,s,s,h,s,s,s,s,h,h,s,h,s,s,s,h,h,h,h,h,h,s,h,h,h,s,h,h,h,h,s,h,s,h,s,h,s,h
08Senv15Hftsnb32,8,15,32,s,h,h,h,s,h,s,h,s,s,h,s,s,s,h,s,s,h,h,s,s,s,s,s,s,s,s,h,h,s,h,h,s,s,s,h,h,h,s,s,h,s,h,h,s,h,h,s,h,s,h,s,s,s,s,s,s,s,s,s,s,h,s,h,s,h
08Senv15Hftsnb64,8,15,64,s,h,s,s,s,h,s,s,h,s,s,h,s,s,s,s,s,h,s,s,s,s,s,s,s,s,s,s,s,s,h,h,s,s,h,s,h,s,s,h,s,s,s,s,s,s,s,s,h,s,s,s,s,s,s,s,h,s,h,h,h,s,s,s,h,s
09S,9,0,0,s,s,h,h,h,h,s,h,h,s,h,h,h,s,s,h,h,h,s,h,s,s,s,s,s,s,h,s,s,h,s,s,s,s,s,h,s,h,h,s,s,s,s,s,s,s,h,s,h,s,s,h,s,s,s,s,s,s,s,s,h,s,h,s,h,s
09Senv21Hftsnb2,9,21,2,s,h,h,h,h,h,s,h,h,h,h,h,h,h,h,h,h,h,h,h,h,h,h,h,s,h,h,h,h,h,h,h,h,h,h,h,h,h,h,h,h,h,h,h,h,h,h,h,h,h,h,h,h,h,h,h,h,h,h,h,h,h,h,h,h,h
09Senv21Hftsnb4,9,21,4,s,h,h,h,h,h,h,h,h,h,s,h,h,h,h,h,h,h,h,h,h,h,h,h,s,h,h,h,h,h,h,h,h,h,h,s,h,h,h,h,h,h,h,h,h,h,h,h,h,h,h,h,h,h,h,h,h,h,h,h,h,h,h,h,h,h
09Senv21Hftsnb8,9,21,8,s,h,h,h,h,h,h,h,h,h,h,h,h,h,s,h,h,h,h,h,h,h,h,h,s,h,h,h,s,h,h,h,h,h,s,h,h,h,h,h,h,h,h,h,h,h,h,h,h,h,s,h,h,h,h,h,h,h,h,h,h,h,h,h,h,h
09Senv21Hftsnb16,9,21,16,s,h,h,s,s,s,s,h,h,h,s,h,h,h,s,h,s,h,h,h,s,h,h,h,s,h,h,h,s,s,h,h,h,h,s,s,h,h,h,h,s,h,h,h,h,s,h,h,h,h,h,h,h,h,h,h,h,h,s,h,s,h,h,s,h,h
09Senv21Hftsnb32,9,21,32,s,h,s,s,s,h,s,s,h,s,s,h,s,h,h,s,s,h,s,h,s,h,h,s,s,h,h,h,s,s,h,s,h,h,h,s,h,h,h,h,h,s,h,h,h,h,h,h,h,h,h,h,h,h,h,h,h,h,h,h,h,h,h,h,h,h
09Senv21Hftsnb64,9,21,64,s,h,s,s,s,h,s,h,s,s,s,h,s,h,s,h,s,s,s,s,s,s,h,s,s,s,h,h,s,s,h,h,h,s,h,s,h,h,s,s,h,s,s,h,h,s,s,s,h,h,s,h,h,h,s,h,h,s,s,h,h,h,h,h,h,s
10S,10,0,0,s,s,h,s,s,s,s,s,s,h,s,s,h,h,s,h,s,s,s,s,s,s,s,s,s,h,s,s,s,s,s,s,s,s,h,s,s,s,s,s,s,s,h,h,s,s,s,s,h,s,h,s,s,h,s,h,h,s,s,s,s,s,s,s,s,s
10Senv31Hftsnb2,10,31,2,s,h,h,h,h,h,s,s,h,h,h,h,h,h,h,h,h,h,h,h,h,h,h,h,s,h,h,h,s,h,h,h,h,h,h,h,h,h,h,h,h,h,h,h,h,h,h,h,h,h,h,h,h,h,h,h,h,h,h,h,h,h,h,h,h,h
10Senv31Hftsnb4,10,31,4,s,h,h,h,h,h,s,h,h,h,h,h,h,h,h,h,h,h,h,h,h,h,h,h,s,h,h,h,h,h,h,h,h,h,h,h,h,h,h,h,h,h,h,h,h,h,h,h,h,h,h,h,h,h,h,h,h,h,h,h,h,h,h,h,h,h
10Senv31Hftsnb8,10,31,8,s,h,h,h,h,h,s,h,h,h,h,h,h,h,h,h,h,h,h,s,h,h,h,h,s,h,h,h,h,h,h,h,h,h,h,h,h,h,h,h,h,h,h,h,h,h,h,h,h,h,h,h,h,h,h,h,h,h,h,h,h,h,h,h,h,h
10Senv31Hftsnb16,10,31,16,s,h,h,h,h,s,s,h,h,h,h,h,h,h,h,h,h,h,h,s,h,h,s,h,s,h,h,h,h,h,h,h,h,h,s,h,h,h,h,h,h,h,h,h,h,h,h,h,h,h,h,h,h,h,h,h,h,h,h,h,h,h,h,h,s,h
10Senv31Hftsnb32,10,31,32,s,h,h,h,s,s,h,h,s,s,s,h,s,h,s,s,s,s,h,s,h,h,h,h,s,s,h,s,s,h,h,s,s,h,h,s,h,h,h,h,h,s,h,s,s,h,s,s,h,s,h,h,h,s,s,h,s,s,s,s,s,h,s,h,s,s
10Senv31Hftsnb64,10,31,64,s,h,s,s,s,s,s,s,h,s,s,s,s,s,s,s,s,s,s,s,s,s,s,s,s,s,s,s,s,s,h,h,s,s,s,s,h,s,h,h,s,h,h,s,s,s,s,s,h,s,h,s,s,h,s,h,s,h,s,s,s,h,s,s,s,s
11H,11,0,0,h,h,h,h,h,h,s,h,h,h,h,h,h,h,s,h,s,h,h,h,h,h,h,h,h,h,h,h,h,h,h,h,h,h,h,s,h,h,h,h,h,h,h,h,h,h,h,h,h,h,h,h,h,h,h,h,h,h,h,h,h,h,h,h,h,h
11Henv02Sftsnb2,11,2,2,h,s,s,s,s,s,s,h,s,s,s,s,s,s,s,s,s,s,s,s,s,s,s,s,s,s,s,s,h,s,s,s,s,s,s,s,s,s,s,s,s,s,s,s,h,s,h,s,s,s,s,h,s,s,s,s,s,s,s,s,s,s,s,s,s,s
11Henv02Sftsnb4,11,2,4,h,s,s,s,s,s,s,h,s,s,h,s,s,s,h,s,s,s,s,s,s,s,h,s,s,s,s,s,s,s,s,s,s,s,s,s,s,s,s,s,s,h,s,s,s,h,s,s,s,s,s,s,s,s,s,s,s,s,s,s,s,h,s,s,s,s
11Henv02Sftsnb8,11,2,8,h,s,s,s,s,h,s,s,s,s,s,h,s,s,s,s,s,s,s,s,s,s,s,s,s,s,s,s,s,s,s,s,s,s,h,s,s,s,s,s,s,h,s,s,s,s,s,s,h,s,s,s,s,s,s,s,s,s,s,s,s,s,s,s,h,s
11Henv02Sftsnb16,11,2,16,h,s,s,h,s,s,s,h,s,h,s,s,s,s,s,s,s,s,s,s,s,s,s,s,s,s,s,s,s,s,s,s,s,s,s,s,s,s,s,s,s,h,s,s,s,s,h,s,s,s,h,s,s,s,s,s,s,s,s,s,s,s,h,s,s,s
11Henv02Sftsnb32,11,2,32,h,s,s,h,s,s,h,s,h,h,s,h,h,s,s,s,s,s,s,h,s,s,s,h,s,s,s,s,h,s,s,s,s,s,s,s,s,h,s,s,s,s,s,s,s,s,h,s,h,h,s,s,s,s,s,s,s,s,s,s,h,s,h,s,s,s
11Henv02Sftsnb64,11,2,64,h,s,h,s,s,h,s,h,h,h,s,h,s,h,s,h,s,s,s,h,s,h,h,h,s,s,h,h,h,h,h,h,s,h,s,s,s,h,h,s,h,h,h,h,s,s,h,s,h,h,s,h,h,s,h,s,s,h,h,s,h,h,s,h,h,s
12S,12,0,0,s,s,s,s,s,h,s,h,h,h,h,s,s,s,s,s,s,s,s,s,s,s,s,s,s,s,s,s,s,s,s,h,s,s,s,h,h,s,s,s,s,h,s,s,s,s,s,h,s,s,s,s,s,s,s,s,s,s,s,s,s,s,s,s,s,s
12Senv29Hftsnb2,12,29,2,s,h,s,h,h,h,s,h,h,s,s,h,h,h,s,h,s,h,s,s,h,h,s,h,s,s,h,h,h,s,h,h,s,h,h,s,s,s,s,h,h,s,h,h,h,h,h,s,h,s,h,h,h,h,h,h,h,h,s,h,h,h,s,h,h,h
12Senv29Hftsnb4,12,29,4,s,h,h,h,h,h,s,h,h,s,s,h,h,s,s,h,s,h,h,s,s,h,s,h,s,h,s,h,h,s,h,h,h,h,h,s,h,s,s,h,h,s,h,h,h,h,h,s,h,s,h,h,h,h,h,h,h,h,h,h,h,s,s,h,h,h
12Senv29Hftsnb8,12,29,8,s,h,s,h,s,h,s,h,h,h,h,h,h,s,h,h,s,h,h,s,s,h,h,s,s,h,s,h,h,s,s,s,s,h,h,h,h,h,s,h,h,s,h,h,s,h,h,s,h,s,h,s,h,h,h,h,h,h,s,h,h,h,s,h,s,h
12Senv29Hftsnb16,12,29,16,s,h,h,h,s,h,s,h,h,h,h,s,h,h,s,h,s,h,h,s,s,s,s,s,s,s,s,h,h,s,h,h,h,h,s,s,s,s,s,h,h,s,s,h,s,h,h,s,h,s,h,s,h,h,s,h,h,h,s,h,s,h,s,s,s,s
12Senv29Hftsnb32,12,29,32,s,h,s,s,s,s,s,h,h,s,h,s,h,s,s,s,s,h,h,s,s,s,s,h,s,s,h,s,s,s,h,s,s,s,s,h,s,s,s,h,h,s,h,h,h,h,h,s,h,s,h,h,h,s,s,h,h,h,s,s,s,h,s,h,s,s
12Senv29Hftsnb64,12,29,64,s,h,s,s,s,s,s,s,s,h,s,s,s,h,s,s,s,h,s,s,s,s,s,s,s,s,h,s,h,s,h,s,s,s,s,s,h,s,s,h,h,h,s,h,s,h,s,h,h,s,s,h,h,h,s,s,h,s,s,s,s,h,s,h,h,s
13S,13,0,0,s,s,s,h,h,s,s,s,s,s,s,s,s,s,s,h,s,s,s,s,s,s,s,s,s,s,s,s,s,s,s,s,s,s,s,s,s,s,s,s,s,s,s,s,s,s,s,s,s,s,s,s,s,s,s,s,s,s,s,s,s,s,s,s,s,s
13Senv32Hftsnb2,13,32,2,s,h,h,h,h,h,h,h,h,h,h,h,h,h,h,h,h,h,h,h,h,h,h,h,s,h,h,h,s,h,h,h,h,h,h,h,h,h,h,h,h,h,h,h,h,h,h,h,h,h,h,h,h,h,h,s,h,h,h,h,h,h,h,h,h,h
13Senv32Hftsnb4,13,32,4,s,h,h,h,h,h,s,h,h,s,h,h,h,h,h,h,s,h,h,h,h,h,h,h,s,h,h,h,h,h,h,h,h,h,h,h,h,h,h,h,h,h,h,h,s,h,h,h,h,h,h,h,h,s,h,h,h,h,h,h,s,h,s,h,s,h
13Senv32Hftsnb8,13,32,8,s,h,h,h,h,h,s,h,h,s,h,s,h,h,h,h,s,h,h,h,h,h,h,h,s,h,h,h,h,s,h,h,h,h,h,s,h,h,h,h,h,s,h,h,h,h,h,h,h,h,h,h,h,s,h,h,h,h,h,h,h,h,h,h,h,h
13Senv32Hftsnb16,13,32,16,s,h,h,h,h,h,s,h,h,h,h,s,h,h,s,h,s,h,h,h,h,h,h,h,s,h,h,h,h,s,s,h,s,h,s,h,h,h,h,h,h,s,h,h,s,h,h,h,h,h,h,s,h,s,h,h,h,h,h,h,h,h,s,h,s,h
13Senv32Hftsnb32,13,32,32,s,h,h,h,h,h,s,h,h,s,s,s,h,s,s,s,s,h,h,s,h,h,h,h,s,h,h,h,s,h,s,h,s,s,s,h,h,h,h,h,h,s,h,h,s,h,h,h,h,h,h,s,h,s,h,h,h,s,s,h,s,h,s,h,s,h
13Senv32Hftsnb64,13,32,64,s,h,s,h,s,h,h,s,h,s,s,s,s,s,s,s,s,s,s,s,s,s,s,s,s,s,s,h,s,s,s,s,s,s,s,s,s,s,s,s,h,h,s,s,s,h,s,s,h,s,s,s,s,s,s,s,s,s,s,s,s,s,s,s,s,s
14H,14,0,0,h,h,h,h,h,h,h,h,h,h,h,h,h,h,h,h,h,h,h,h,h,h,h,h,h,h,h,h,h,h,h,h,h,h,h,h,h,h,h,h,h,h,h,h,h,h,h,h,h,h,h,h,h,h,h,h,h,h,h,h,h,h,h,h,h,h
14Henv20Sftsnb2,14,20,2,h,s,h,h,s,h,s,h,s,h,h,s,h,h,s,s,s,h,h,h,h,h,s,h,s,h,h,s,s,s,h,h,h,h,h,s,s,s,h,s,h,h,h,h,h,h,h,h,h,h,h,s,s,s,h,s,h,s,s,h,s,h,s,h,h,s
14Henv20Sftsnb4,14,20,4,h,s,h,h,s,s,s,h,s,h,s,s,h,h,s,s,s,h,s,h,h,s,h,s,s,s,h,h,h,s,h,h,s,s,s,s,s,s,s,h,h,h,h,s,h,h,h,s,h,h,h,h,s,h,s,s,h,s,h,h,h,h,s,s,h,s
14Henv20Sftsnb8,14,20,8,h,s,h,s,s,h,s,h,s,h,s,h,h,h,h,s,s,s,h,h,h,s,h,s,h,h,h,h,s,h,h,h,h,s,s,s,s,h,h,s,s,h,h,s,h,h,h,s,h,h,s,s,s,h,s,s,h,s,s,h,s,s,s,s,h,s
14Henv20Sftsnb16,14,20,16,h,s,h,h,s,h,s,h,s,h,h,h,s,h,s,h,s,s,h,h,s,s,h,s,h,s,h,h,s,s,s,s,s,s,h,s,s,h,h,s,h,h,h,s,s,s,h,s,h,h,h,s,s,h,h,s,h,h,s,s,h,s,s,h,h,s
14Henv20Sftsnb32,14,20,32,h,s,h,s,h,h,s,h,s,s,s,h,h,h,h,s,s,s,s,h,h,h,h,h,h,s,h,h,s,h,h,h,h,h,h,h,s,h,h,s,s,h,s,h,h,s,h,s,h,h,h,h,s,h,s,s,h,h,h,h,h,s,h,s,h,s
14Henv20Sftsnb64,14,20,64,h,s,h,s,h,h,s,s,s,h,h,h,h,h,h,h,h,s,h,h,h,h,h,h,s,h,h,h,s,h,h,h,h,h,h,s,s,h,h,h,h,h,h,h,h,h,h,h,h,h,s,h,s,h,h,h,h,h,h,h,h,h,s,h,h,h
15H,15,0,0,h,h,s,s,h,s,s,s,h,s,h,h,h,s,s,h,s,s,h,h,h,h,h,h,s,h,h,h,h,h,s,h,s,s,s,h,s,h,s,h,h,s,h,h,s,h,s,h,h,s,h,h,h,s,s,h,s,s,h,h,h,h,h,h,s,h
15Henv08Sftsnb2,15,8,2,h,s,s,s,s,s,s,s,s,s,s,h,h,s,s,s,s,s,s,s,s,s,s,s,s,s,s,s,h,s,s,h,s,s,s,s,s,s,s,s,s,s,s,s,s,s,s,s,h,s,s,s,s,s,s,s,s,s,s,s,s,s,s,s,s,s
15Henv08Sftsnb4,15,8,4,h,s,s,s,s,s,s,s,s,s,s,s,s,s,s,s,s,s,s,s,s,s,s,s,s,s,s,s,h,s,h,s,s,s,s,h,s,s,s,s,s,h,s,s,s,s,s,s,s,s,s,s,s,s,s,s,s,s,s,s,s,s,s,s,s,s
15Henv08Sftsnb8,15,8,8,h,s,s,s,s,s,s,s,s,s,s,s,s,s,s,s,s,s,s,s,s,s,s,s,s,s,s,s,s,s,s,s,s,s,s,s,s,s,s,s,s,s,s,s,s,s,s,s,s,s,s,s,s,s,s,s,s,s,s,s,s,s,s,s,s,s
15Henv08Sftsnb16,15,8,16,h,s,s,s,s,s,s,s,s,s,h,s,s,s,s,s,s,s,s,s,s,s,s,s,s,s,s,s,s,s,s,s,s,s,h,h,s,s,s,s,h,s,s,s,s,s,s,s,s,s,s,s,s,s,s,s,s,s,s,s,s,s,s,s,s,s
15Henv08Sftsnb32,15,8,32,h,s,s,h,s,s,s,s,s,s,h,s,h,s,s,s,s,h,s,s,s,s,s,s,s,s,s,s,s,s,s,s,s,s,s,h,s,s,s,s,s,s,s,s,s,s,s,s,h,s,h,h,s,s,s,s,s,s,s,h,s,s,s,s,s,s
15Henv08Sftsnb64,15,8,64,h,s,s,s,s,s,s,s,s,s,s,s,h,s,s,s,s,s,s,s,s,h,s,s,s,s,s,s,s,s,s,s,s,s,s,s,s,s,s,s,s,s,s,s,s,s,s,s,s,s,s,s,s,s,s,s,s,s,s,h,s,h,s,s,s,s
16S,16,0,0,s,s,s,h,s,s,s,s,s,s,s,h,s,s,s,s,s,s,s,s,s,s,s,h,s,s,h,s,s,s,s,s,s,s,s,s,h,s,s,s,s,s,s,s,s,s,s,s,s,s,s,s,s,s,s,s,s,s,s,s,s,s,s,s,s,s
16Senv18Hftsnb2,16,18,2,s,h,h,h,h,h,h,h,h,h,h,h,h,h,h,h,s,h,h,h,h,h,h,h,s,h,h,h,s,h,h,h,h,h,h,h,h,h,h,h,h,h,h,h,h,h,h,h,h,h,h,h,h,h,h,h,h,h,h,h,h,h,h,h,s,h
16Senv18Hftsnb4,16,18,4,s,h,h,s,h,h,h,h,h,h,h,h,h,h,h,h,s,h,h,h,h,h,h,h,s,h,h,h,h,s,h,h,h,h,h,h,h,h,h,h,h,h,h,h,h,h,h,h,h,h,h,h,h,h,h,h,h,h,h,h,h,h,h,h,h,h
16Senv18Hftsnb8,16,18,8,s,h,s,h,h,h,s,h,h,h,h,s,h,h,h,h,s,h,h,s,h,h,h,h,s,h,h,h,h,h,h,h,h,h,s,h,h,h,h,h,h,h,h,h,h,h,h,h,h,s,h,h,h,h,h,h,h,h,h,h,s,h,h,h,h,h
16Senv18Hftsnb16,16,18,16,s,h,h,h,s,h,h,h,h,h,h,h,h,h,h,h,h,h,h,h,s,h,h,h,s,h,h,h,s,s,h,h,h,h,h,h,h,h,h,h,h,h,h,h,h,h,h,h,h,h,h,h,h,h,h,h,h,h,h,h,s,h,h,h,h,h
16Senv18Hftsnb32,16,18,32,s,h,h,h,s,h,s,s,h,s,s,s,h,s,s,s,s,h,h,s,s,h,h,h,s,h,s,h,h,h,h,h,s,h,s,s,h,h,h,s,s,s,h,h,h,h,h,h,h,h,h,h,h,h,h,h,h,h,s,h,h,h,s,h,h,h
16Senv18Hftsnb64,16,18,64,s,h,s,s,s,s,s,s,h,s,s,s,h,s,s,s,s,s,s,s,s,s,s,s,s,s,s,s,s,s,s,s,h,s,s,s,h,s,s,h,s,h,s,h,s,s,s,s,h,s,s,s,s,s,s,s,s,s,s,h,s,s,s,h,s,h
17H,17,0,0,h,h,h,h,h,h,h,h,h,h,h,h,h,h,h,h,h,h,h,h,h,h,h,h,h,h,h,h,h,h,h,h,h,h,h,h,h,h,h,h,h,h,h,h,h,h,h,h,h,h,h,h,h,h,h,h,h,h,h,h,h,h,h,h,h,h
17Henv05Sftsnb2,17,5,2,h,s,s,h,h,s,s,h,s,s,s,s,h,s,s,s,s,h,s,s,s,s,h,s,s,s,h,s,s,s,s,h,h,s,s,h,s,s,s,s,h,s,s,h,s,h,h,s,h,s,h,s,s,s,s,s,h,h,h,h,h,s,h,h,s,s
17Henv05Sftsnb4,17,5,4,h,s,s,s,s,s,s,h,h,s,s,h,h,h,s,s,s,s,s,s,s,s,s,h,s,h,h,h,s,s,s,h,s,s,s,h,s,h,s,s,s,s,s,s,s,s,h,s,h,s,s,h,h,s,s,h,s,h,s,s,h,s,s,s,s,s
17Henv05Sftsnb8,17,5,8,h,s,s,s,s,h,s,h,h,s,s,h,h,s,s,h,s,s,h,s,h,s,h,h,s,h,h,h,h,s,h,h,h,h,s,s,s,h,s,h,s,h,h,s,s,h,h,h,h,h,s,h,h,h,h,h,s,h,h,h,s,h,h,h,h,h
17Henv05Sftsnb16,17,5,16,h,s,s,s,h,h,s,h,h,h,s,h,h,s,h,s,s,s,s,h,s,s,h,s,s,h,h,h,s,s,s,h,s,h,h,s,s,h,h,s,h,s,h,s,h,s,h,h,h,h,h,h,h,h,h,h,s,h,h,h,s,s,h,s,h,h
17Henv05Sftsnb32,17,5,32,h,s,h,s,h,h,h,h,s,s,h,h,h,h,h,s,h,h,h,h,h,h,h,h,s,h,h,h,s,h,h,h,h,h,s,s,s,h,h,h,h,h,h,h,h,h,h,h,h,h,h,h,s,h,h,h,h,h,h,h,s,h,h,h,h,h
17Henv05Sftsnb64,17,5,64,h,s,h,s,h,h,s,h,h,h,h,h,h,h,h,h,h,h,h,h,h,h,h,h,s,h,h,h,h,h,h,h,h,h,h,s,h,h,h,h,h,h,h,h,h,h,h,h,h,h,h,h,h,h,h,h,h,h,h,h,h,h,h,h,h,h
18H,18,0,0,h,h,h,h,h,h,h,h,h,h,h,h,h,h,h,h,h,h,h,h,h,h,h,h,h,h,h,h,h,h,h,h,h,h,h,h,h,h,h,h,h,h,h,h,h,h,h,h,h,h,h,h,h,h,h,h,h,h,h,h,h,h,h,h,h,h
18Henv16Sftsnb2,18,16,2,h,s,s,h,s,s,s,h,s,h,s,s,h,h,s,s,s,h,s,s,s,s,s,s,s,s,s,s,h,s,h,s,s,s,s,h,s,s,h,s,s,s,s,s,s,h,h,s,h,s,s,s,s,s,s,s,h,h,s,s,s,s,h,s,s,s
18Henv16Sftsnb4,18,16,4,h,s,h,s,s,s,s,h,s,h,h,h,h,s,s,s,h,s,s,s,s,s,s,h,s,h,h,s,s,s,s,s,s,s,s,h,s,h,s,s,s,h,s,h,h,s,h,s,h,s,h,h,s,h,s,s,s,s,s,s,h,s,s,s,s,s
18Henv16Sftsnb8,18,16,8,h,s,s,s,s,s,h,h,s,h,h,s,h,s,s,s,s,s,h,s,s,s,s,h,s,h,h,s,s,s,s,h,s,s,s,h,s,h,h,s,h,h,s,h,s,s,h,s,h,s,h,h,s,s,h,s,s,h,s,s,s,s,h,s,s,s
18Henv16Sftsnb16,18,16,16,h,s,s,h,h,h,h,h,s,h,h,h,h,s,h,s,s,s,s,h,s,s,s,h,h,s,h,s,s,s,s,h,s,h,h,h,s,h,h,s,h,h,s,s,h,s,h,s,h,h,h,h,s,h,h,h,h,s,h,h,h,h,h,s,h,s
18Henv16Sftsnb32,18,16,32,h,s,h,h,h,h,h,h,h,h,h,h,h,h,h,s,h,s,h,h,h,s,h,h,h,h,s,h,s,h,h,h,s,h,s,h,s,h,h,s,h,h,s,h,s,s,h,s,h,h,h,h,s,h,h,h,h,s,h,s,h,h,s,s,h,s
18Henv16Sftsnb64,18,16,64,h,s,s,h,h,h,h,s,h,s,s,h,h,h,h,h,s,s,h,h,h,h,h,h,s,h,h,h,s,s,h,h,h,h,h,s,h,h,h,h,h,s,h,h,h,h,h,s,h,h,h,h,h,h,h,h,h,h,h,h,h,h,h,s,h,h
19S,19,0,0,s,s,h,h,s,s,s,h,s,s,h,h,s,h,h,s,s,h,s,s,s,s,s,s,s,h,s,s,s,s,s,s,s,s,s,s,s,s,s,s,s,s,s,s,s,s,s,s,h,h,s,s,s,h,s,s,s,h,s,s,s,s,s,s,h,s
19Senv28Hftsnb2,19,28,2,s,h,h,h,h,h,h,h,h,h,h,h,h,h,h,h,h,h,h,h,h,h,h,h,s,h,h,h,s,h,h,h,h,h,h,h,h,h,h,h,h,h,h,h,h,h,h,h,h,h,h,h,h,h,h,h,h,h,h,h,h,h,h,h,h,h
19Senv28Hftsnb4,19,28,4,s,h,h,h,h,h,s,h,h,h,h,s,h,h,h,h,h,h,h,h,h,h,h,h,s,h,h,h,h,s,h,h,h,h,h,h,h,h,h,h,h,h,h,h,h,h,h,h,h,h,h,h,h,h,h,h,h,h,h,h,h,h,h,h,h,h
19Senv28Hftsnb8,19,28,8,s,h,s,h,h,h,s,h,h,s,s,h,s,h,s,h,h,h,s,h,h,h,h,s,s,s,h,h,s,s,h,h,h,h,s,s,h,h,h,h,s,h,h,h,h,h,h,h,h,s,h,h,h,h,h,h,h,h,h,h,s,h,h,h,h,h
19Senv28Hftsnb16,19,28,16,s,h,s,s,h,s,s,h,h,h,s,s,s,h,h,s,h,h,s,h,h,h,h,s,s,s,s,s,s,s,s,s,s,h,s,s,h,h,h,h,h,h,h,h,h,h,h,h,h,s,h,h,h,h,h,h,h,s,h,h,s,h,s,h,h,h
19Senv28Hftsnb32,19,28,32,s,h,s,s,s,s,s,s,s,s,h,h,s,s,h,s,s,h,h,h,h,s,s,s,s,h,s,s,s,s,h,s,h,h,h,s,s,h,h,h,h,h,s,h,s,h,h,s,h,s,s,h,s,s,s,s,s,s,h,s,h,h,s,s,s,h
19Senv28Hftsnb64,19,28,64,s,h,s,s,s,s,s,s,h,s,s,s,h,h,h,s,s,s,s,s,s,s,s,s,s,s,s,s,s,s,h,s,s,s,s,h,s,h,s,s,h,s,s,s,s,h,h,s,h,s,s,h,s,h,s,s,s,h,s,s,s,s,s,s,h,h
20S,20,0,0,s,s,s,s,s,s,s,s,s,s,s,h,s,s,s,s,s,s,s,s,s,s,s,s,s,s,s,s,s,s,s,s,s,s,s,s,s,s,s,s,s,s,s,s,s,h,s,s,s,s,s,s,s,s,s,s,s,s,s,h,s,s,s,s,s,s
20Senv14Hftsnb2,20,14,2,s,h,h,h,s,h,s,h,h,h,s,h,h,s,h,h,h,h,h,h,h,h,h,h,s,h,h,h,h,s,h,h,h,h,h,h,h,h,h,h,h,h,h,h,h,h,h,h,h,h,h,h,h,h,h,h,h,h,h,h,h,h,h,h,h,h
20Senv14Hftsnb4,20,14,4,s,h,h,s,h,h,s,h,h,s,h,h,s,s,h,h,s,h,h,h,h,h,h,h,s,h,h,h,h,s,s,h,h,h,h,h,h,h,h,h,h,s,h,h,s,h,h,h,h,s,h,h,h,s,s,h,h,h,s,h,h,h,h,h,h,h
20Senv14Hftsnb8,20,14,8,s,h,h,h,h,h,s,h,h,h,h,s,h,s,s,h,s,h,h,s,h,h,h,h,s,h,s,h,h,s,s,s,h,h,h,h,h,h,h,h,h,s,h,h,h,h,s,h,h,s,h,h,h,h,h,h,h,s,h,h,s,h,h,h,s,h
20Senv14Hftsnb16,20,14,16,s,h,h,s,h,h,s,h,h,h,h,h,h,s,h,h,s,h,s,s,h,h,h,s,s,s,s,h,h,s,s,h,h,h,h,s,h,h,h,h,s,s,h,h,h,h,h,h,h,s,h,h,h,h,h,h,h,s,h,h,s,h,h,h,s,h
20Senv14Hftsnb32,20,14,32,s,h,h,h,s,s,h,h,h,s,s,s,h,s,h,h,s,s,s,s,h,s,h,s,s,s,s,h,h,s,h,s,h,s,h,s,s,s,s,h,h,s,h,h,h,h,h,h,h,s,h,h,s,h,h,h,s,s,h,h,s,h,s,h,s,h
20Senv14Hftsnb64,20,14,64,s,h,h,h,s,s,h,s,s,s,h,s,h,s,s,s,s,h,s,s,s,s,s,s,s,s,s,s,h,s,s,s,s,s,s,s,h,h,s,h,h,s,s,s,s,h,s,h,h,s,h,s,s,h,s,h,h,s,s,h,s,h,s,h,h,h
21H,21,0,0,h,h,h,h,h,h,s,h,h,h,h,h,h,h,h,h,h,h,h,h,h,h,h,h,h,h,h,h,h,h,h,h,h,h,h,h,h,h,h,h,h,h,h,h,h,h,h,h,h,h,h,h,h,h,h,h,h,h,h,h,h,h,h,h,h,h
21Henv09Sftsnb2,21,9,2,h,s,h,s,h,h,s,h,s,h,s,h,h,s,h,h,s,s,h,h,h,s,h,h,s,s,h,h,h,h,h,h,h,s,h,h,s,h,s,s,h,h,s,h,h,h,h,s,h,h,h,h,s,s,h,h,h,s,h,s,h,h,h,h,h,s
21Henv09Sftsnb4,21,9,4,h,s,s,h,h,h,h,h,s,h,h,h,h,h,h,h,s,s,h,h,h,h,s,h,s,s,h,h,h,s,h,h,s,s,h,h,s,h,h,s,h,h,s,s,s,s,h,s,h,h,h,h,s,h,h,h,h,s,h,h,h,h,h,s,h,s
21Henv09Sftsnb8,21,9,8,h,s,s,h,h,h,s,h,s,h,s,h,h,h,s,h,h,s,s,h,h,h,s,h,s,s,s,h,h,s,s,h,s,h,h,h,s,h,h,s,h,h,s,h,h,s,h,s,h,h,h,h,s,h,h,s,h,h,h,s,s,h,h,h,h,s
21Henv09Sftsnb16,21,9,16,h,s,s,s,s,h,s,h,h,h,s,h,h,h,h,h,s,h,s,h,s,h,h,h,s,h,h,h,s,s,s,h,h,h,h,s,s,h,h,h,h,h,s,h,h,h,h,h,h,h,h,h,s,h,h,h,h,h,h,h,h,h,h,h,h,h
21Henv09Sftsnb32,21,9,32,h,s,s,s,h,h,h,h,h,s,h,h,h,h,h,h,s,h,h,h,h,h,h,h,s,h,h,h,h,h,h,h,h,h,h,h,h,h,h,s,h,h,h,h,h,s,h,h,h,h,h,h,h,h,h,h,h,h,h,h,h,h,h,h,h,h
21Henv09Sftsnb64,21,9,64,h,s,h,s,h,h,s,h,h,h,h,h,h,h,h,s,s,h,h,h,h,h,h,h,s,h,h,h,s,h,h,h,h,h,h,s,h,h,h,h,h,h,h,h,h,s,h,s,h,h,h,h,h,h,h,h,h,h,h,h,h,h,h,h,h,h
22S,22,0,0,s,s,s,s,s,s,s,s,s,s,h,s,h,s,s,s,s,s,s,s,s,s,s,s,s,s,s,s,s,s,s,s,s,s,s,s,s,s,s,s,s,s,s,s,s,s,s,s,s,s,s,s,s,s,s,s,s,s,s,s,s,s,s,s,s,s
22Senv24Hftsnb2,22,24,2,s,h,h,h,h,s,h,h,h,h,s,h,h,h,s,h,h,h,s,h,h,h,h,h,s,h,h,h,h,s,h,h,h,h,h,s,h,h,h,h,h,h,h,h,h,h,h,h,h,h,h,h,h,h,h,h,h,s,h,s,h,h,h,h,h,s
22Senv24Hftsnb4,22,24,4,s,h,s,h,s,h,h,h,h,h,s,h,h,h,h,h,s,h,s,s,h,h,h,h,s,h,h,h,h,s,s,h,h,h,s,s,s,h,h,h,h,h,h,h,h,s,h,h,h,s,h,h,h,h,h,h,h,h,s,s,h,h,h,s,h,h
22Senv24Hftsnb8,22,24,8,s,h,s,s,s,s,s,h,h,h,s,h,h,s,s,h,s,h,s,s,h,h,h,h,s,h,s,h,h,s,s,s,s,s,h,s,s,h,h,h,h,s,s,s,h,h,h,h,h,s,h,h,h,h,h,h,h,s,s,s,s,h,h,h,h,h
22Senv24Hftsnb16,22,24,16,s,h,s,s,s,s,s,h,h,h,s,s,h,s,s,h,s,h,h,s,s,h,h,h,s,h,s,h,s,s,s,h,s,h,h,s,s,h,h,s,h,s,h,h,h,h,s,h,h,h,h,s,h,h,h,h,h,h,h,s,s,h,s,h,s,h
22Senv24Hftsnb32,22,24,32,s,h,s,h,s,h,s,s,h,s,h,s,h,s,s,h,s,s,s,s,s,s,s,s,s,s,s,h,h,h,s,s,s,h,s,s,s,h,s,s,s,s,s,s,h,s,s,h,h,h,h,h,s,s,s,s,h,s,h,s,h,s,s,s,h,h
22Senv24Hftsnb64,22,24,64,s,h,s,s,s,h,s,h,s,s,h,s,h,s,s,s,s,s,s,s,s,s,s,s,s,s,s,s,s,s,s,s,s,s,s,s,s,h,s,s,s,s,s,s,h,s,s,h,h,s,s,s,h,s,s,h,s,s,s,s,s,h,s,s,s,h
23S,23,0,0,s,s,h,s,s,s,s,s,h,s,s,s,s,s,s,h,s,s,s,s,s,s,s,s,s,s,s,s,h,s,s,s,s,s,s,s,s,s,s,s,h,s,s,s,s,s,s,s,s,s,s,s,s,s,s,s,s,s,s,s,s,s,s,s,s,s
23Senv06Hftsnb2,23,6,2,s,h,s,h,h,h,h,s,h,h,h,h,h,h,s,h,h,h,h,s,h,h,h,h,s,h,h,h,h,h,h,h,h,h,h,s,h,h,h,h,h,h,h,h,h,h,h,s,h,h,h,h,h,h,h,h,h,h,s,s,h,h,h,s,h,h
23Senv06Hftsnb4,23,6,4,s,h,h,s,h,h,s,h,h,h,h,h,h,h,h,h,s,h,h,s,h,h,h,h,s,h,s,h,h,h,h,h,h,h,s,s,h,h,s,h,h,h,h,h,s,h,h,h,h,h,h,h,h,h,h,h,h,h,h,h,h,h,s,s,h,h
23Senv06Hftsnb8,23,6,8,s,h,s,s,h,h,s,h,h,s,s,h,h,h,s,s,h,h,s,s,h,h,h,h,s,s,h,h,s,s,h,h,h,h,h,s,h,h,h,h,h,h,h,h,h,h,h,h,h,s,h,s,h,h,s,h,h,h,h,h,s,h,h,h,h,h
23Senv06Hftsnb16,23,6,16,s,h,s,s,h,s,s,h,h,s,h,s,s,h,s,h,s,h,h,s,s,s,h,h,s,h,h,s,h,s,s,h,s,h,h,s,h,h,s,h,h,s,h,h,s,h,h,h,h,h,s,h,s,h,h,h,h,h,s,h,h,s,s,s,s,h
23Senv06Hftsnb32,23,6,32,s,h,h,s,s,s,s,s,s,s,s,s,s,h,s,s,s,h,h,s,s,s,h,s,s,s,s,s,s,s,s,s,s,h,s,s,s,h,h,h,s,h,h,s,h,h,h,s,h,s,s,s,s,h,s,s,h,s,s,s,h,s,s,s,s,h
23Senv06Hftsnb64,23,6,64,s,h,s,s,s,s,s,s,h,s,s,s,s,s,s,s,s,s,s,s,s,s,s,s,s,s,s,s,s,s,s,s,s,s,s,s,s,s,s,s,s,s,s,h,s,s,s,h,h,s,s,s,s,h,s,s,h,s,s,s,s,s,s,s,s,s
24H,24,0,0,h,h,h,h,h,h,s,h,h,h,h,h,h,h,h,h,h,h,h,h,h,h,h,h,h,h,h,h,h,h,h,h,h,h,h,s,h,h,h,h,h,h,h,h,h,h,h,h,h,h,h,h,h,h,h,h,h,h,h,h,h,h,h,h,h,h
24Henv22Sftsnb2,24,22,2,h,s,s,s,h,h,s,h,s,h,s,s,s,s,s,s,h,s,s,s,h,s,s,s,s,h,s,h,s,s,h,s,s,s,s,s,s,s,s,s,h,s,s,s,h,s,s,s,h,h,s,h,s,h,s,s,s,s,s,s,s,s,s,s,s,s
24Henv22Sftsnb4,24,22,4,h,s,s,h,s,h,s,h,s,h,h,s,s,s,s,s,s,s,h,s,s,s,s,s,s,h,s,s,s,s,h,h,s,s,s,s,s,s,s,s,h,s,h,s,h,h,s,s,h,s,s,s,s,s,s,s,h,s,s,s,h,h,s,s,s,s
24Henv22Sftsnb8,24,22,8,h,s,s,h,s,s,s,h,s,h,s,s,s,s,s,s,s,s,s,s,s,s,s,s,s,s,s,s,s,s,s,s,s,s,h,s,s,h,s,s,h,s,s,s,h,h,h,s,h,s,s,s,s,s,s,s,s,s,s,s,s,h,s,s,h,s
24Henv22Sftsnb16,24,22,16,h,s,s,h,s,h,s,s,s,h,s,h,h,h,s,s,s,s,s,s,s,s,h,s,s,h,s,s,s,s,s,s,s,s,h,s,s,h,s,s,h,s,s,s,h,s,h,s,h,s,s,s,s,s,s,s,h,s,s,s,h,h,h,s,h,s
24Henv22Sftsnb32,24,22,32,h,s,h,s,s,s,s,s,h,h,s,h,h,h,s,h,s,s,h,s,s,s,s,s,s,s,s,s,h,s,s,s,s,h,s,h,s,h,h,s,s,h,s,s,h,h,h,s,h,s,s,h,s,h,s,s,h,h,s,s,h,h,h,s,s,s
24Henv22Sftsnb64,24,22,64,h,s,s,h,h,h,h,s,h,h,s,h,h,h,h,h,s,h,s,h,s,h,h,h,s,h,h,h,s,h,h,h,h,h,h,h,h,h,h,h,s,h,h,h,h,h,h,h,h,h,h,h,h,h,h,s,h,h,s,h,h,h,h,h,h,h
25H,25,0,0,h,h,h,h,h,h,s,h,h,h,h,h,h,h,h,h,h,h,h,h,h,h,h,h,h,h,h,h,h,h,h,h,h,h,h,h,h,h,h,h,h,h,h,h,h,h,h,h,h,h,h,h,h,h,h,h,h,h,h,h,h,h,h,h,h,h
25Henv27Sftsnb2,25,27,2,h,s,s,s,s,h,s,h,h,h,h,h,h,h,s,s,s,h,h,h,s,h,s,s,s,h,h,h,h,s,h,s,h,s,h,h,h,h,s,s,h,h,h,h,h,h,h,s,h,s,h,s,h,h,h,h,h,h,h,h,h,s,h,h,h,h
25Henv27Sftsnb4,25,27,4,h,s,h,h,s,h,s,h,s,h,s,s,s,h,s,s,s,s,h,s,s,s,s,s,s,h,s,s,s,s,s,s,s,s,s,h,s,s,s,s,h,h,s,s,s,s,h,s,h,s,s,s,h,s,h,s,h,s,s,s,h,h,h,s,h,s
25Henv27Sftsnb8,25,27,8,h,s,s,h,s,h,s,h,s,h,h,h,h,h,h,s,s,s,s,s,s,h,s,h,s,h,s,h,s,s,s,h,h,s,h,h,s,h,s,s,h,s,s,h,s,h,h,s,h,s,h,s,h,h,h,s,h,h,s,s,s,h,h,h,h,s
25Henv27Sftsnb16,25,27,16,h,s,s,h,s,h,s,h,h,h,h,h,h,h,s,s,s,s,s,s,s,s,h,s,s,h,s,h,s,s,s,s,s,s,s,h,s,h,s,s,s,h,s,h,s,h,h,s,h,s,s,s,s,s,s,h,h,s,h,s,s,h,h,s,s,s
25Henv27Sftsnb32,25,27,32,h,s,h,s,h,h,s,h,h,h,s,h,h,h,h,h,s,s,s,h,h,h,h,h,s,s,h,h,s,s,h,h,s,h,h,h,s,h,h,h,h,h,s,h,s,h,h,h,h,s,s,h,h,s,h,h,h,h,s,h,h,h,h,h,h,h
25Henv27Sftsnb64,25,27,64,h,s,h,h,h,h,s,h,h,s,h,h,h,h,h,h,h,h,s,h,h,h,h,h,s,h,h,h,s,s,h,h,h,h,h,s,h,h,h,h,h,h,h,h,h,h,h,h,h,h,h,h,h,h,h,h,h,h,h,h,h,h,h,h,h,h
26H,26,0,0,h,h,h,h,h,h,h,h,h,h,h,h,h,h,h,h,h,h,h,h,h,h,h,h,h,h,h,h,h,h,h,h,h,h,h,h,h,h,h,h,h,h,h,h,h,h,h,h,h,h,h,h,h,h,h,h,h,h,h,h,h,h,h,h,h,h
26Henv04Sftsnb2,26,4,2,h,s,h,h,s,h,h,h,s,h,h,s,h,h,s,h,s,s,h,s,s,h,h,h,s,h,h,s,s,h,s,h,s,h,s,h,s,s,s,s,h,h,h,h,h,s,h,s,s,s,h,h,h,s,h,h,s,h,s,h,h,h,h,h,h,s
26Henv04Sftsnb4,26,4,4,h,s,h,h,s,h,h,h,h,s,h,h,h,h,h,s,s,s,h,s,s,h,h,s,s,h,h,h,h,s,h,s,h,h,s,h,s,s,h,s,h,h,s,h,h,s,h,s,h,s,h,h,h,h,h,h,h,h,s,s,h,h,h,h,h,h
26Henv04Sftsnb8,26,4,8,h,s,h,h,h,h,h,h,h,h,h,h,h,h,h,h,s,s,s,s,h,h,h,h,s,h,h,h,h,s,s,h,s,h,h,h,s,h,h,h,h,h,h,h,h,s,h,h,h,s,h,h,h,h,h,h,h,h,h,h,h,h,h,h,h,h
26Henv04Sftsnb16,26,4,16,h,s,h,h,h,h,s,h,h,h,h,h,h,h,s,h,h,h,s,h,h,h,h,h,s,h,h,h,s,s,s,h,h,h,s,h,s,h,h,h,h,h,h,h,h,h,h,h,h,h,h,h,h,h,h,h,h,h,h,h,h,h,h,s,s,h
26Henv04Sftsnb32,26,4,32,h,s,h,h,h,h,s,h,h,h,h,h,h,h,h,h,h,h,h,h,h,h,h,h,s,h,h,h,h,h,h,h,h,h,h,s,h,h,h,h,h,h,h,h,h,h,h,h,h,h,h,h,h,h,h,h,h,h,h,h,h,h,h,h,h,h
26Henv04Sftsnb64,26,4,64,h,s,h,h,h,h,s,h,h,h,h,h,h,h,h,h,h,h,h,h,h,h,h,h,s,h,h,h,h,h,h,h,h,h,h,s,s,h,h,h,h,h,h,h,h,h,h,h,h,h,h,h,h,h,h,h,h,h,h,h,h,h,h,h,h,h
27S,27,0,0,s,s,s,s,s,h,s,s,s,s,s,s,h,s,s,s,s,s,s,s,s,s,s,s,s,s,s,s,s,s,s,s,s,s,s,s,s,s,s,s,s,s,s,s,s,s,s,s,s,s,s,s,s,s,s,s,s,s,s,s,s,s,s,s,s,s
27Senv25Hftsnb2,27,25,2,s,h,h,s,h,h,h,s,h,h,h,h,h,h,s,h,h,h,h,h,h,h,h,h,s,h,h,h,h,h,h,h,h,h,s,h,h,h,h,h,h,h,h,h,h,h,h,h,h,h,h,h,h,h,h,h,h,h,h,h,h,h,h,s,h,h
27Senv25Hftsnb4,27,25,4,s,h,h,h,h,h,h,h,h,h,h,s,h,h,h,h,s,h,h,h,h,h,h,h,s,h,h,h,h,s,h,h,h,h,h,s,h,h,h,h,h,h,h,h,h,h,h,h,h,h,h,h,h,h,h,h,h,h,h,h,h,h,h,h,h,h
27Senv25Hftsnb8,27,25,8,s,h,h,h,h,h,h,h,h,h,h,h,h,h,h,h,s,h,h,h,h,h,s,h,s,h,s,h,s,s,h,h,s,h,h,h,h,h,h,h,h,h,h,h,s,h,h,h,h,h,h,h,h,h,h,h,h,h,h,h,s,h,h,h,s,h
27Senv25Hftsnb16,27,25,16,s,h,h,h,h,h,s,s,h,h,h,h,h,h,s,h,s,h,h,h,h,h,s,h,s,h,h,h,s,s,s,h,h,h,h,h,s,h,h,h,h,h,h,h,h,h,h,h,h,s,h,h,h,h,h,h,h,h,h,h,h,h,h,h,s,h
27Senv25Hftsnb32,27,25,32,s,h,h,s,s,s,s,h,s,s,s,h,h,s,h,h,s,h,h,s,h,s,h,s,s,s,h,h,h,s,h,s,h,h,h,s,h,h,s,h,s,s,s,h,h,h,s,h,h,s,h,h,h,s,h,h,s,s,s,s,s,h,s,s,s,s
27Senv25Hftsnb64,27,25,64,s,h,h,s,s,s,s,s,s,s,s,s,s,s,s,s,s,h,s,s,s,s,s,s,s,s,s,s,s,s,s,s,s,s,h,s,s,h,s,h,s,s,s,s,s,h,s,h,h,s,s,s,h,s,s,h,s,s,s,h,s,h,s,h,h,h
28H,28,0,0,h,h,h,h,h,h,h,h,h,h,h,h,h,h,h,h,s,h,h,h,h,h,h,h,h,h,h,h,h,h,h,h,h,h,h,h,h,h,h,h,h,h,h,h,h,h,h,h,h,h,h,h,h,h,h,h,h,h,h,h,h,h,h,h,h,h
28Henv19Sftsnb2,28,19,2,h,s,s,h,h,s,s,h,s,h,s,h,s,s,h,s,s,s,s,s,s,s,s,s,h,s,s,s,s,s,h,s,s,h,h,s,s,s,h,s,s,h,s,s,s,s,s,s,h,h,s,s,s,s,s,s,s,s,s,s,h,h,s,s,s,s
28Henv19Sftsnb4,28,19,4,h,s,s,s,s,s,s,h,s,s,s,h,s,s,h,s,s,s,s,s,s,s,s,s,s,s,s,s,h,s,h,s,s,s,h,s,s,s,s,s,s,h,s,s,s,s,s,s,h,h,s,s,s,s,s,s,s,s,s,s,s,s,h,s,h,s
28Henv19Sftsnb8,28,19,8,h,s,s,h,s,s,s,h,s,s,s,s,s,s,s,s,h,s,s,s,s,s,s,s,s,s,s,s,s,s,s,s,s,s,s,s,s,s,s,s,s,h,s,s,s,s,s,s,h,h,s,s,s,s,s,s,s,s,h,s,s,s,s,s,h,s
28Henv19Sftsnb16,28,19,16,h,s,s,h,s,s,s,h,s,s,s,h,s,s,s,s,s,s,s,s,s,s,s,s,s,s,s,s,s,s,s,s,s,s,s,s,s,s,h,s,s,h,s,s,s,s,h,s,h,h,s,s,s,s,s,s,s,s,h,s,h,s,s,s,s,s
28Henv19Sftsnb32,28,19,32,h,s,s,s,s,h,s,h,h,s,s,h,s,h,s,s,s,h,h,s,s,h,h,s,s,s,s,h,s,s,h,s,s,h,s,s,s,s,h,s,s,h,h,s,s,s,h,s,h,h,s,s,s,s,s,h,h,h,s,h,s,h,h,h,h,h
28Henv19Sftsnb64,28,19,64,h,s,s,h,h,h,s,s,h,s,s,h,h,h,h,s,s,h,h,h,s,h,h,h,s,s,h,s,s,s,h,h,h,h,h,s,s,h,h,h,h,s,h,h,h,s,h,h,h,h,s,h,h,h,s,s,h,h,h,h,h,h,s,h,h,h
29H,29,0,0,h,h,h,h,h,h,h,h,h,h,h,h,h,h,s,h,s,h,h,h,h,h,h,h,h,h,h,h,h,h,h,h,h,h,h,h,h,h,h,h,h,h,h,h,h,h,s,h,h,h,h,h,h,s,h,h,h,h,h,h,h,h,h,h,h,h
29Henv12Sftsnb2,29,12,2,h,s,s,s,s,h,s,s,s,h,s,s,s,h,s,s,s,s,s,s,s,s,h,s,s,s,s,s,s,s,h,h,s,s,s,s,s,s,s,s,s,h,s,h,s,s,h,s,s,s,h,s,s,s,s,s,s,s,s,s,s,s,s,h,h,s
29Henv12Sftsnb4,29,12,4,h,s,s,h,s,s,s,s,s,s,h,s,h,s,s,s,s,s,h,s,s,s,s,s,s,s,s,s,h,s,s,h,s,s,s,s,s,s,s,s,h,s,s,s,s,h,s,s,h,s,s,s,s,s,s,s,s,s,s,s,s,s,s,s,s,s
29Henv12Sftsnb8,29,12,8,h,s,s,s,s,s,s,s,s,s,s,s,s,s,s,s,s,s,s,s,s,s,s,s,s,s,s,s,s,s,s,s,s,s,s,s,s,s,s,s,s,s,s,s,s,s,h,s,h,s,h,s,s,s,s,s,s,s,s,s,s,s,s,s,s,s
29Henv12Sftsnb16,29,12,16,h,s,s,s,s,s,s,h,s,s,s,h,s,s,s,h,s,s,s,s,s,s,s,s,s,s,s,s,s,s,s,s,s,s,s,h,s,s,s,s,s,s,s,s,s,s,s,s,h,s,h,s,s,s,s,s,s,s,s,s,s,s,s,s,s,s
29Henv12Sftsnb32,29,12,32,h,s,s,s,s,s,s,h,s,s,s,s,s,s,s,s,s,s,s,s,s,s,h,s,s,s,s,s,s,s,s,s,s,s,h,s,h,s,s,s,h,s,h,h,s,s,s,s,s,s,s,s,s,s,s,s,h,h,s,s,s,s,s,s,s,s
29Henv12Sftsnb64,29,12,64,h,s,s,s,h,s,s,h,s,s,h,s,s,h,s,h,s,h,s,s,s,h,h,h,s,s,s,s,s,s,s,s,h,s,h,s,s,s,h,s,s,s,h,h,s,h,s,s,h,s,s,s,s,h,s,s,s,s,s,h,h,h,s,s,h,s
30S,30,0,0,s,s,s,s,s,s,s,s,s,s,s,s,s,s,s,s,s,s,s,s,s,s,s,s,s,s,s,s,s,s,s,s,s,s,s,s,s,s,s,s,s,s,s,h,s,s,s,s,s,s,s,s,s,s,s,s,s,s,s,s,s,s,h,s,s,s
30Senv07Hftsnb2,30,7,2,s,h,h,h,h,h,h,h,h,h,h,h,h,h,h,h,h,h,h,h,h,h,h,h,h,h,h,h,h,h,h,h,h,h,h,h,h,h,h,h,h,h,h,h,h,h,h,h,h,h,h,h,h,h,h,h,h,h,h,h,h,h,h,h,h,h
30Senv07Hftsnb4,30,7,4,s,h,h,h,h,h,h,h,h,h,h,h,h,h,h,h,h,h,h,h,h,h,h,h,s,h,h,h,h,s,h,h,h,h,h,h,h,h,h,s,h,h,h,h,h,h,h,h,h,h,h,h,h,h,h,h,h,h,h,h,h,h,h,h,h,h
30Senv07Hftsnb8,30,7,8,s,h,h,h,h,s,h,h,h,h,h,h,h,h,s,s,h,h,h,h,h,h,h,h,h,h,h,h,h,s,h,h,h,h,h,h,h,h,h,s,h,s,h,h,s,h,h,h,h,h,h,h,h,h,h,h,h,h,h,h,h,h,h,h,h,h
30Senv07Hftsnb16,30,7,16,s,h,h,h,h,h,h,s,h,s,s,h,h,s,h,h,h,h,h,s,h,h,h,h,s,h,h,h,s,s,s,h,h,h,s,s,h,s,h,s,h,h,h,h,s,h,h,s,h,s,h,s,h,h,h,h,h,h,h,h,s,h,s,h,s,h
30Senv07Hftsnb32,30,7,32,s,h,s,s,s,s,s,h,s,s,h,s,s,s,s,s,s,s,h,s,s,s,s,s,s,s,s,s,s,s,s,s,s,s,s,s,s,s,s,h,s,s,s,h,s,h,s,s,s,s,s,s,s,h,s,s,s,h,s,s,s,s,s,h,s,s
30Senv07Hftsnb64,30,7,64,s,h,s,s,s,s,s,s,s,s,s,s,s,s,s,s,s,s,s,s,s,s,s,s,s,s,h,s,s,s,s,s,s,s,s,s,s,s,s,s,s,s,s,s,s,s,s,s,s,s,s,s,s,s,s,h,s,s,s,s,s,s,s,s,s,s
31H,31,0,0,h,h,h,h,h,h,s,h,h,h,h,h,h,h,h,h,h,h,h,h,h,h,h,h,h,h,h,h,h,h,h,h,h,h,h,h,h,h,h,h,h,h,h,h,h,s,h,h,h,h,h,h,h,h,h,h,h,h,h,h,h,h,h,h,h,h
31Henv10Sftsnb2,31,10,2,h,s,h,s,s,s,s,s,s,s,s,s,s,s,h,s,s,s,h,s,s,s,s,s,s,s,s,h,h,s,s,s,s,s,s,s,s,s,s,s,s,s,h,s,s,s,h,s,s,s,h,s,s,s,h,s,s,s,s,s,s,h,s,s,s,s
31Henv10Sftsnb4,31,10,4,h,s,s,h,s,s,s,h,s,s,s,s,s,s,s,s,s,s,h,s,s,s,s,s,s,s,h,s,s,s,s,s,s,s,s,s,s,s,s,s,s,s,s,s,s,s,s,s,h,s,s,s,s,s,s,s,s,s,s,s,s,s,s,s,s,s
31Henv10Sftsnb8,31,10,8,h,s,s,h,s,s,s,h,s,s,h,s,h,s,s,s,s,s,h,s,s,s,s,s,s,s,s,s,s,s,s,s,s,s,h,s,s,s,s,s,s,s,h,s,s,s,h,s,h,h,s,s,s,s,s,s,s,s,s,s,s,s,s,s,h,s
31Henv10Sftsnb16,31,10,16,h,s,h,h,h,h,s,h,s,s,h,h,h,h,h,s,s,h,h,s,s,s,h,h,s,s,h,h,h,s,s,h,h,h,s,s,s,h,h,h,h,h,s,h,s,s,h,s,h,h,h,h,h,h,h,s,h,s,s,h,s,h,h,h,h,s
31Henv10Sftsnb32,31,10,32,h,s,h,h,h,h,s,h,h,h,h,h,s,h,s,h,s,h,h,h,h,h,h,s,s,h,h,h,h,h,s,h,h,h,s,s,s,h,h,h,h,h,h,h,h,s,h,s,h,h,s,h,h,h,h,h,h,h,s,h,h,h,h,h,h,h
31Henv10Sftsnb64,31,10,64,h,s,s,h,h,h,h,h,h,h,h,h,h,h,h,h,s,h,h,h,h,h,h,h,h,h,h,h,h,h,h,h,h,h,h,h,h,h,h,h,h,h,h,h,h,h,h,h,h,h,h,h,h,h,h,h,h,h,h,h,h,h,h,h,h,h
32H,32,0,0,h,h,h,h,h,h,h,h,h,h,h,h,h,h,h,h,h,h,h,h,h,h,h,h,h,h,h,h,h,h,h,h,h,h,h,h,h,h,h,h,h,h,h,h,h,h,h,h,h,h,h,h,h,h,h,h,h,h,h,h,h,h,h,h,h,h
32Henv13Sftsnb2,32,13,2,h,s,s,h,s,s,s,s,s,s,s,h,h,s,s,s,s,s,s,h,s,s,s,s,s,s,h,s,s,s,s,s,s,s,s,s,s,s,h,s,s,s,s,s,s,s,h,s,h,s,s,s,s,s,s,s,s,s,s,s,s,h,h,h,h,s
32Henv13Sftsnb4,32,13,4,h,s,s,s,s,h,s,h,s,s,s,h,h,s,h,s,s,s,h,h,s,s,s,s,s,h,s,h,h,s,s,s,s,s,h,h,s,s,h,s,h,h,s,s,h,s,h,s,h,h,h,h,s,h,s,s,h,s,s,s,h,s,h,s,h,s
32Henv13Sftsnb8,32,13,8,h,s,s,h,s,s,s,h,s,h,h,s,h,s,h,h,s,h,h,h,s,s,h,s,h,s,h,h,s,s,s,s,s,s,s,h,s,h,h,s,s,h,s,s,h,s,h,s,h,s,h,s,s,h,s,s,h,s,h,s,s,s,h,s,s,s
32Henv13Sftsnb16,32,13,16,h,s,h,h,s,h,s,h,s,h,s,h,s,s,h,s,s,s,h,h,s,s,h,s,s,s,h,s,h,h,s,h,h,s,h,h,s,h,h,s,h,h,s,s,h,s,h,s,h,h,h,h,s,h,h,s,s,h,h,s,s,s,h,h,h,h
32Henv13Sftsnb32,32,13,32,h,s,s,h,h,h,h,h,h,h,s,h,s,s,s,s,s,h,h,h,s,h,h,s,s,s,h,h,h,s,s,s,s,h,h,h,s,s,h,s,h,h,s,s,h,s,h,s,h,s,s,s,s,h,h,s,h,h,s,s,s,s,s,h,h,h
32Henv13Sftsnb64,32,13,64,h,s,h,h,h,h,s,h,h,s,s,h,h,h,h,h,s,h,h,h,h,h,h,h,s,h,h,h,s,h,h,h,h,h,h,s,h,h,h,h,s,h,h,h,h,h,h,h,h,h,h,h,h,h,h,h,h,h,h,h,h,h,s,h,h,h
